{
  "roc_auc": {
    "best_lambda": 0.1,
    "metrics": {
      "roc_auc": 0.8548387096774194,
      "pr_auc": 0.8530594550237175,
      "f1": 0.6862745098039216,
      "balanced_accuracy": 0.7484742807323452
    },
    "coefficients": [
      -0.16516887388941817,
      0.0,
      -0.04768169918956957,
      0.012560808847537547,
      -0.0,
      0.05675402116769378,
      -0.0,
      0.0,
      0.031653368596247435,
      -0.038876081343043586,
      -0.0030004842584442364,
      -0.0,
      0.010861298199159082,
      0.02448547893691398,
      0.015990982175253715,
      0.0,
      0.014949555786042991,
      0.0037059019745028757,
      -0.0,
      0.011240137662282006,
      0.021836410179606393,
      0.0,
      0.01058983787255298,
      0.017908627843192217,
      0.0,
      0.02876768397428012,
      0.0,
      0.0,
      0.004572739860126886,
      -0.0,
      0.03148040107667717,
      0.005389169635496973,
      0.0,
      0.0,
      0.0,
      0.030754203447361062,
      0.0,
      -0.0,
      0.0,
      -0.018128579538761094,
      0.011162177135234942,
      -0.0008643287244228132,
      -0.0,
      -0.0013820591038363156,
      -0.009394756437911728,
      0.0,
      0.0020570022695163208,
      -0.0,
      0.018705809170528786,
      0.0,
      0.0,
      -0.007737197918315856,
      -0.01006685132830491,
      0.008634581342339886,
      -0.0,
      0.0,
      0.0048428216477628405,
      0.01633025132859612,
      -0.0,
      0.017526104597492438,
      0.018466851590234895,
      -0.0,
      0.0,
      0.04238066560311276,
      0.0,
      0.0017519765746224834,
      -0.001536381627437208,
      0.0,
      -0.0,
      0.002057002269516369,
      0.05704887652610377,
      -0.0,
      0.008913634640783796,
      0.0,
      0.010201133471042954,
      0.01973547725249483,
      0.0,
      0.0,
      0.0,
      -0.007475266554989799,
      0.0,
      0.0,
      0.03270060516861207,
      0.005431298951064112,
      0.07657103650539385,
      0.0,
      0.06382445899079249,
      0.006961209521387104,
      0.029845283661450353,
      0.0,
      0.004560525780305778,
      0.0,
      -0.0,
      0.052204843756472684,
      -0.0,
      -0.008426203285888176,
      0.05491894459067852,
      0.0,
      0.02205254872440224,
      0.0024343651936102233,
      0.010869590087799053,
      0.0,
      0.016612630001203325,
      0.007123743513938867,
      0.0,
      0.05994141423164008,
      -0.006275557888064107,
      0.0,
      0.0002588057371289206,
      0.0,
      0.0006048773251100441,
      0.0011034777956313159,
      0.005577560985043648,
      0.011443308144768046,
      0.0,
      0.02243969410093601,
      0.03876780418384004,
      -0.0,
      0.0,
      0.0016161856641250158,
      0.0,
      -0.0,
      0.004544169955452767,
      0.0,
      0.0,
      0.0,
      0.0056393216618657585,
      0.0,
      0.02730637548212245,
      0.004246298163950902,
      0.0,
      0.0,
      0.0,
      0.01894229834159415,
      0.0,
      0.0059115222003445315,
      0.0,
      0.0,
      0.0,
      -0.0,
      0.0,
      0.0,
      -0.0,
      0.0,
      0.0,
      0.0,
      0.0,
      0.0,
      0.0,
      0.0,
      -0.017431217422991613,
      -0.0,
      -0.03264719734149071,
      0.0,
      -0.008290196213373003,
      -0.06171074409363329,
      -0.0,
      -0.054700722524379936,
      -0.022315989093961604,
      -0.0006925119011933306,
      -0.01996003400649314,
      -0.011298859916068096,
      -0.03403029784860861,
      -0.01077187494015429,
      -0.03288386996292267,
      -0.0,
      -0.04385824039149414,
      0.0,
      -0.0,
      0.00016298967129926343,
      -0.0,
      0.0,
      -0.0,
      0.041902040483757674,
      0.015608686885385971,
      0.025858835831536694,
      0.007867829572403798,
      0.0114636485875325,
      -0.010601033773187853,
      0.0,
      0.004276865605129546,
      -0.0032436508356918784,
      0.007280984717628357,
      0.02524099249208902,
      0.007655094304961085,
      0.038001847161565634,
      -0.0004381359112026056,
      0.007511489099085654,
      0.0,
      0.04501902125190022,
      -0.0,
      0.0037663702353168283,
      0.007305057833388477,
      0.02343358882701424,
      0.0,
      -0.007057585297796941,
      -0.0,
      -0.018075763843911595,
      -0.0,
      -0.0,
      0.0,
      -0.005602110248980931,
      -0.01902540134547921,
      -0.0359301633221134,
      0.012232209401248226,
      -0.033941868846050556,
      -0.01035617666408597,
      -0.0,
      -0.001639024313692247,
      -0.033800918361994683,
      0.0,
      -0.0,
      0.0,
      0.0,
      0.0
    ]
  },
  "pr_auc": {
    "best_lambda": 0.4641588833612779,
    "metrics": {
      "roc_auc": 0.8463382737576286,
      "pr_auc": 0.8594943826212633,
      "f1": 0.3466666666666667,
      "balanced_accuracy": 0.6048387096774194
    },
    "coefficients": [
      -0.1652663372536635,
      0.0,
      -0.006829877637549881,
      0.0,
      -0.0,
      0.034402465770123784,
      -0.0,
      -0.0,
      0.0,
      -0.0,
      -0.0,
      0.0,
      0.0,
      0.0,
      0.0,
      0.0,
      0.0,
      0.0,
      0.0,
      0.0,
      0.0,
      0.0,
      0.0,
      0.0,
      -0.0,
      0.0,
      0.0,
      0.0,
      0.0,
      -0.0,
      0.0,
      0.0,
      0.0,
      0.0,
      0.0,
      0.0,
      0.0,
      0.0,
      0.0,
      -0.0,
      0.0,
      -0.0,
      -0.0,
      -0.0,
      -0.0,
      0.0,
      0.0,
      -0.0,
      0.0,
      0.0,
      0.0,
      -0.0,
      -0.0,
      0.0,
      0.0,
      0.0,
      0.0,
      0.0,
      -0.0,
      0.0,
      0.0,
      0.0,
      0.0,
      0.0032965451947129104,
      0.0,
      0.0,
      -0.0,
      0.0,
      0.0,
      0.0,
      0.011073962533632423,
      -0.0,
      0.0,
      0.0,
      0.0,
      0.0,
      0.0,
      0.0,
      0.0,
      -0.0,
      0.0,
      0.0,
      0.0,
      0.0,
      0.027636501816918464,
      0.0,
      0.015434313309049177,
      0.0,
      0.0,
      0.0,
      0.0,
      0.0,
      -0.0,
      0.016176168552063105,
      -0.0,
      -0.0,
      0.0023112810509141202,
      0.0,
      0.0,
      0.0,
      0.0,
      0.0,
      0.0,
      0.0,
      0.0,
      0.015167867527924529,
      -0.0,
      0.0,
      0.0,
      0.0,
      0.0,
      0.0,
      0.0,
      0.0,
      0.0,
      0.0,
      0.0,
      -0.0,
      0.0,
      0.0,
      0.0,
      -0.0,
      0.0,
      0.0,
      0.0,
      0.0,
      0.0,
      0.0,
      0.0,
      0.0,
      0.0,
      0.0,
      0.0,
      0.0,
      0.0,
      0.0,
      0.0,
      0.0,
      0.0,
      0.0,
      0.0,
      0.0,
      -0.0,
      0.0,
      0.0,
      0.0,
      0.0,
      0.0,
      0.0,
      0.0,
      -0.0,
      -0.0,
      -0.0,
      0.0,
      -0.0,
      -0.032290908986651184,
      -0.0,
      -0.02440625974175765,
      -0.0,
      -0.0,
      -0.0,
      -0.0,
      -0.0012670526844782595,
      -0.0,
      -0.0035686177339833572,
      -0.0,
      -0.0,
      0.0,
      -0.0,
      0.0,
      -0.0,
      0.0,
      -0.0,
      0.0,
      0.0,
      0.0,
      0.0,
      0.0,
      -0.0,
      0.0,
      0.0,
      -0.0,
      0.0,
      0.0,
      0.0,
      0.0,
      -0.0,
      0.0,
      0.0,
      0.012550536964649833,
      0.0,
      0.0,
      0.0,
      0.0,
      -0.0,
      -0.0,
      -0.0,
      -0.0,
      0.0,
      -0.0,
      0.0,
      -0.0,
      -0.0,
      -0.00040746221502403025,
      0.0,
      -0.0,
      -0.0,
      -0.0,
      -0.0,
      -0.0,
      0.0,
      -0.0,
      0.0,
      -0.0,
      0.0
    ]
  },
  "f1": {
    "best_lambda": 0.001,
    "metrics": {
      "roc_auc": 0.8502615518744552,
      "pr_auc": 0.8505371774725418,
      "f1": 0.7222222222222222,
      "balanced_accuracy": 0.7672188317349607
    },