,d,lr_rocs,lr_rocs_std,lr_bas,lr_bas_std,ccd_rocs,ccd_rocs_std,ccd_bas,ccd_bas_std
0,5,0.7275414754428844,0.04326309607479104,0.6645759368879101,0.04859661678389899,0.7227869398523771,0.04145068413235833,0.6598503239054192,0.03205965638301466
1,10,0.7290453186787879,0.04434336980762756,0.6681338558440381,0.044111066050882865,0.7415263727715116,0.03036603374271017,0.6732631355836773,0.037319588293159164
2,20,0.7497952760047644,0.031034563395673946,0.6870960400486045,0.02286221931122105,0.7513762437204143,0.02672365315932286,0.6655689703464714,0.032604212593902615
3,50,0.6999575623354491,0.03071171283418261,0.6421295750574536,0.02587062289928187,0.7629636614748483,0.0384702626402389,0.684860141431065,0.06987331400359811
4,100,0.6446837027631418,0.04536390026141091,0.6006835021929089,0.04997694838672324,0.759783798528457,0.02026547681543587,0.7030677893047228,0.02839976193384531
5,250,0.6099591165509335,0.04386450917646164,0.5952412751183294,0.03111014458834786,0.7107269397070176,0.02487051257202478,0.6505018694279695,0.03599151073431389
