,n,lr_rocs,lr_rocs_std,lr_bas,lr_bas_std,ccd_rocs,ccd_rocs_std,ccd_bas,ccd_bas_std,ccd0_rocs,ccd0_rocs_std,ccd0_bas,ccd0_bas_std
0,50,0.5961481481481481,0.1834744584598669,0.599404761904762,0.137706760645357,0.7487724867724868,0.0518493509816942,0.6849206349206349,0.0717520233837512,0.6855820105820106,0.09299572107157474,0.5904761904761904,0.12219129685027129
1,100,0.5884640198982305,0.1070363775460542,0.5488629718234982,0.1077983992900922,0.6524254575833524,0.1084693795917348,0.5924897470950101,0.09310468312663,0.6885379767291532,0.09279061773533313,0.6323408209437622,0.08833783068175462
2,200,0.6553258636688182,0.0415160873833918,0.6120654103388595,0.0397911413696805,0.7570156437336065,0.0504154142456806,0.7095083552159634,0.0337590016554615,0.6726869140314635,0.07617772059829105,0.6034959478785953,0.054787147810715885
3,300,0.640708020367241,0.0757378798652126,0.6084386623970086,0.0638161517948796,0.7605051364948484,0.0484202928811755,0.6889216562864495,0.0718939224048449,0.6875867342611957,0.04241909344552744,0.6394115466669468,0.03914628961077479
4,500,0.7245326040817514,0.0306236965886727,0.6658389350820119,0.0170753096136733,0.8010629304708743,0.0233849344949923,0.7144614657329991,0.0444478704574197,0.7455955220053385,0.02410279261835624,0.6623983384861639,0.02152248757314746
5,1000,0.7331673504847097,0.0241427190874388,0.6599564243984035,0.021645682864925,0.7518930520336494,0.0267792495334149,0.6928869399473171,0.0211071921345348,0.752135001086938,0.028522396237551224,0.6763827908273217,0.028281302288172553
