,p,lr_rocs,lr_rocs_std,lr_bas,lr_bas_std,ccd_rocs,ccd_rocs_std,ccd_bas,ccd_bas_std,ccd0_rocs,ccd0_rocs_std,ccd0_bas,ccd0_bas_std
0,0.1,0.6414174186143496,0.0949862465682836,0.5841296044109343,0.04058521385654252,0.5,0.0,0.5,0.0,0.6464261424376514,0.06057845427102805,0.5,0.0
1,0.2,0.6979788979375507,0.03024526836552574,0.5987264904838353,0.019971075772923872,0.5,0.0,0.5,0.0,0.7214701670934264,0.028362990317956267,0.5,0.0
2,0.35,0.7093452875206435,0.0523641917143961,0.6476542896531287,0.03995275962868358,0.7389304347718176,0.04007955634529262,0.5570065508393681,0.03491435659259157,0.7371150013526588,0.04012286545419088,0.5560065508393681,0.033121373732884006
3,0.5,0.7106761544567156,0.05343893069845703,0.6554927362829387,0.040985755876376616,0.7495885521084602,0.03835405829267599,0.691462199086233,0.02901879978540477,0.7276898258263056,0.053948615851685804,0.6665027490292786,0.03346940919007679
4,0.65,0.7045566392678356,0.03328015506689042,0.6289087513614483,0.027486196724585972,0.6923616728589116,0.10081383218627354,0.5441200889339186,0.03575040852183931,0.7260334707065516,0.036126777306338634,0.5460231373873425,0.03208002658856939
5,0.8,0.6971674234773533,0.051848180713185456,0.60547143033791,0.028868955407672783,0.5641439205955335,0.12828784119106706,0.5,0.0,0.7347223592033849,0.02533397922648713,0.5,0.0
6,0.9,0.6957731796283744,0.035290972197636654,0.5347916369279252,0.06232069811436838,0.5,0.0,0.5,0.0,0.6983204954870839,0.07066395937757804,0.5,0.0
