,p,lr_rocs,lr_rocs_std,lr_bas,lr_bas_std,ccd_rocs,ccd_rocs_std,ccd_bas,ccd_bas_std
0,0.1,0.6349121508539473,0.12728655556896232,0.5610248698239462,0.035169228349088213,0.5,0.0,0.5,0.0
1,0.2,0.6954882288616353,0.0747691532518237,0.6018126430082114,0.06775146452496693,0.5,0.0,0.5,0.0
2,0.35,0.7069861689804651,0.036371321378673216,0.6426026859270253,0.031131629715437984,0.751605634370885,0.024114126753888646,0.5461795220963166,0.030171694311615687
3,0.5,0.7191191311839956,0.024827736231753234,0.659799275355607,0.028051922875885475,0.7478892008662454,0.02312309667243554,0.6622143835992662,0.029282401110911203
4,0.65,0.7058551417804549,0.06945281315109246,0.626615228295565,0.021433913710512578,0.6905535066119471,0.10969890520726042,0.5264791666666666,0.02218299054330692
5,0.8,0.7255342860094037,0.03409330079660798,0.6189911882122032,0.03538757777677636,0.5544496487119438,0.1088992974238876,0.5,0.0
6,0.9,0.6071526085918733,0.09086121758260224,0.5143422715086745,0.040026854832493304,0.5,0.0,0.5,0.0
