,g,lr_rocs,lr_rocs_std,lr_bas,lr_bas_std,ccd_rocs,ccd_rocs_std,ccd_bas,ccd_bas_std,ccd0_rocs,ccd0_rocs_std,ccd0_bas,ccd0_bas_std
0,0.1,0.725157485870337,0.02122134628110284,0.661844168422904,0.03757103702378703,0.7768120274955274,0.03846778344981908,0.7071758522244573,0.024785712439953606,0.7556299477225966,0.02008797830077832,0.6819981339931751,0.026523052351074508
1,0.3,0.7165765459587432,0.04528243914176515,0.6542362726621557,0.029693378708272634,0.7514968770523812,0.040293960576455526,0.6981013372919133,0.04261580022869326,0.7398519268415762,0.0386006577694798,0.6711864740553939,0.05330718154501845
2,0.5,0.6911203010342268,0.04245342914032615,0.6444980558296797,0.04227064810013288,0.7353899082702514,0.047784873756891284,0.6858629405961196,0.05217403574762428,0.7084297638915696,0.04428965498633083,0.6565358268636136,0.03646118020217501
3,0.7,0.7262873136813941,0.028827295494078097,0.6805687708630777,0.04033132421241716,0.7535613559399309,0.02872588387419115,0.6917809318953179,0.04918645239088324,0.7355794972987546,0.04070887868925757,0.6814532059826772,0.044688219804589625
4,0.9,0.7798382429220078,0.028440927430321956,0.7082151499567446,0.015697504573192578,0.7402171295983897,0.02116094312517971,0.6653806920543832,0.0328943062496922,0.7146649359449289,0.030682485013620486,0.6476102787030641,0.03883658071051037
