,d,lr_rocs,lr_rocs_std,lr_bas,lr_bas_std,ccd_rocs,ccd_rocs_std,ccd_bas,ccd_bas_std,ccd0_rocs,ccd0_rocs_std,ccd0_bas,ccd0_bas_std
0,5,0.7462930283423252,0.010225465614323293,0.6878744124412403,0.02668226436309388,0.7410106473000455,0.01532062759996415,0.6798745040790649,0.04865307908362792,0.7331058589464992,0.018088977909044048,0.6676032131464058,0.03391153861970133
1,10,0.7589294440273525,0.05411799881384567,0.6865186905520007,0.06621998012974416,0.7552400172271023,0.046992512309140755,0.7066043324113704,0.04548953079163944,0.7422764753248098,0.04972208799087014,0.669056419288655,0.04914145165766816
2,20,0.705918549073446,0.016645968015951404,0.6530400615032179,0.006790571201506423,0.7269303667614475,0.016633124356645632,0.6753272242313199,0.013500052257099722,0.7113565239964235,0.012967097261592559,0.6414706418393157,0.020802518422285837
3,50,0.7118268248155329,0.03058122933644865,0.6593344416863534,0.022633418997531064,0.745789317909227,0.03548411211337335,0.681850376998387,0.0201185299053592,0.7396942576066184,0.04183544865177543,0.6618577763419096,0.042718774532345266
4,100,0.658672061973612,0.023479058926703784,0.6206871971607011,0.021657407903600632,0.7358316264705954,0.026029113002974388,0.689038584396371,0.03159694300793619,0.6885356524269646,0.03531728579573056,0.6283012762924443,0.03273627005020276
5,250,0.5936097620771097,0.04141031673181889,0.5598504172977328,0.04463400602541097,0.755860701674582,0.03238666849881201,0.702721156020019,0.019556525952098502,0.6786104324598986,0.0395300710431615,0.6279606340123773,0.03473448556595207
