,g,lr_rocs,lr_rocs_std,lr_bas,lr_bas_std,ccd_rocs,ccd_rocs_std,ccd_bas,ccd_bas_std
0,0.1,0.7564220549297384,0.02951936502241457,0.6813051300955306,0.041220553708521894,0.8034415136391398,0.02174450778268006,0.7344710568764492,0.05273710767579408
1,0.3,0.7186098847100731,0.03140150890540015,0.670053019870936,0.03732403969193346,0.7667961215692191,0.02406034597961343,0.7129205126266027,0.028662042370328704
2,0.5,0.6858912727699538,0.02546403630950517,0.6390280654933818,0.024337680328898832,0.7388206339638969,0.023622073787050814,0.6730824036715589,0.03175199548720635
3,0.7,0.7887926768094556,0.0437856586476819,0.7121245467530849,0.030228397357240106,0.7814246584700738,0.04414471014593912,0.7161052477024238,0.047161459554899185
4,0.9,0.7961584484816798,0.05228711491138911,0.7081656487968976,0.03883501855252856,0.7268348937558253,0.06608970584288182,0.6610631980221886,0.07109840036176895
