,n,lr_rocs,lr_rocs_std,lr_bas,lr_bas_std,ccd_rocs,ccd_rocs_std,ccd_bas,ccd_bas_std
0,50,0.5961481481481481,0.18347445845986696,0.599404761904762,0.137706760645357,0.7487724867724868,0.05184935098169429,0.6849206349206349,0.07175202338375126
1,100,0.5884640198982305,0.10703637754605427,0.5488629718234982,0.10779839929009223,0.6524254575833524,0.1084693795917348,0.5924897470950101,0.09310468312663006
2,200,0.6553258636688182,0.04151608738339188,0.6120654103388595,0.03979114136968059,0.7570156437336065,0.050415414245680655,0.7095083552159634,0.03375900165546158
3,300,0.640708020367241,0.0757378798652126,0.6084386623970086,0.06381615179487964,0.7605051364948484,0.04842029288117559,0.6889216562864495,0.07189392240484492
4,500,0.7245326040817514,0.03062369658867274,0.6658389350820119,0.017075309613673356,0.8010629304708743,0.023384934494992335,0.7144614657329991,0.04444787045741973
5,1000,0.7331673504847097,0.024142719087438865,0.6599564243984035,0.02164568286492508,0.7518930520336494,0.026779249533414907,0.6928869399473171,0.021107192134534842
