{
  "roc_auc": {
    "best_lambda": 0.4641588833612779,
    "metrics": {
      "roc_auc": 0.7,
      "pr_auc": 0.7991125541125541,
      "f1": 0.625,
      "balanced_accuracy": 0.7045454545454546
    },
    "coefficients": [
      0.043705063557715626,
      -0.041697695464626545,
      0.0,
      -0.09654299114466819,
      -0.0,
      -0.11660174539170488,
      -0.0,
      -0.06172407913220188,
      -0.052906948308771684,
      -0.0,
      -0.004170671518169842,
      -0.0,
      -0.0,
      -0.0,
      -0.002253971492920715,
      -0.023436992789259235,
      -0.0022653671032779035,
      0.0,
      0.0,
      0.0,
      -0.0,
      0.0,
      -0.0,
      0.0,
      0.0,
      -0.01640469678668482,
      -0.011852609773163318,
      0.0,
      -0.06753055334394524,
      0.0,
      -0.02416581451645285,
      0.04729845259115573
    ]
  },
  "pr_auc": {
    "best_lambda": 0.4641588833612779,
    "metrics": {
      "roc_auc": 0.7,
      "pr_auc": 0.7991125541125541,
      "f1": 0.625,
      "balanced_accuracy": 0.7045454545454546
    },
    "coefficients": [
      0.043705063557715626,
      -0.041697695464626545,
      0.0,
      -0.09654299114466819,
      -0.0,
      -0.11660174539170488,
      -0.0,
      -0.06172407913220188,
      -0.052906948308771684,
      -0.0,
      -0.004170671518169842,
      -0.0,
      -0.0,
      -0.0,
      -0.002253971492920715,
      -0.023436992789259235,
      -0.0022653671032779035,
      0.0,
      0.0,
      0.0,
      -0.0,
      0.0,
      -0.0,
      0.0,
      0.0,
      -0.01640469678668482,
      -0.011852609773163318,
      0.0,
      -0.06753055334394524,
      0.0,
      -0.02416581451645285,
      0.04729845259115573
    ]
  },
  "f1": {
    "best_lambda": 0.1,
    "metrics": {
      "roc_auc": 0.6363636363636362,
      "pr_auc": 0.747408293460925,
      "f1": 0.7058823529411765,
      "balanced_accuracy": 0.7545454545454545
    },
    "coefficients": [
      0.060133381152188525,
      -0.08779109064264971,
      0.0,
      -0.14844125634392696,
      -0.027459525592154175,
      -0.17226278963421993,
      -0.02395722056636457,
      -0.11057814521080536,
      -0.12693507065454188,
      -0.00913748352109377,
      -0.060984408231632294,
      -0.030610716563023936,
      -0.05319700487079731,
      -0.014921327886450326,
      -0.049041776517715095,
      -0.07434031504620413,
      -0.05904198543002174,
      0.004172635631514891,
      0.0,
      0.01698768097703243,
      -0.048059673698914604,
      0.03974305051262726,
      -0.05068163945252347,
      0.0,
      0.04251807728616688,
      -0.06406563833488574,
      -0.060981212987251135,
      0.011831775967061947,
      -0.11129922520339916,
      0.0,
      -0.06348426511250833,
      0.1119102325599657
    ]
  },
  "balanced_accuracy": {
    "best_lambda": 0.1,
    "metrics": {
      "roc_auc": 0.6363636363636362,
      "pr_auc": 0.747408293460925,
      "f1": 0.7058823529411765,
      "balanced_accuracy": 0.7545454545454545
    },
    "coefficients": [
      0.060133381152188525,
      -0.08779109064264971,
      0.0,
      -0.14844125634392696,
      -0.027459525592154175,
      -0.17226278963421993,
      -0.02395722056636457,
      -0.11057814521080536,
      -0.12693507065454188,
      -0.00913748352109377,
      -0.060984408231632294,
      -0.030610716563023936,
      -0.05319700487079731,
      -0.014921327886450326,
      -0.049041776517715095,
      -0.07434031504620413,
      -0.05904198543002174,
      0.004172635631514891,
      0.0,
      0.01698768097703243,
      -0.048059673698914604,
      0.03974305051262726,
      -0.05068163945252347,
      0.0,
      0.04251807728616688,
      -0.06406563833488574,
      -0.060981212987251135,
      0.011831775967061947,
      -0.11129922520339916,
      0.0,
      -0.06348426511250833,
      0.1119102325599657
    ]
  }
}