{
  "roc_auc": {
    "best_lambda": 0.4641588833612779,
    "metrics": {
      "roc_auc": 0.7330706722482148,
      "pr_auc": 0.3747220615313307,
      "f1": 0.0,
      "balanced_accuracy": 0.5
    },
    "coefficients": [
      -1.4233037063628236,
      -0.0,
      0.0,
      0.0,
      -0.0,
      -0.0,
      0.0,
      0.0,
      0.0,
      -0.0,
      0.0,
      -0.0,
      -0.0,
      -0.0,
      -0.0,
      -0.0,
      0.0,
      0.0,
      0.0,
      0.0,
      0.0,
      -0.0,
      0.0,
      0.0,
      -0.0,
      -0.0,
      -0.0,
      0.0,
      0.0,
      -0.0,
      0.0,
      0.0,
      -0.0,
      -0.0,
      0.0,
      0.0,
      -0.0,
      -0.0,
      0.0,
      -0.0,
      -0.0,
      0.0,
      0.0,
      0.0,
      -0.0,
      0.0,
      0.0,
      0.0,
      0.0,
      0.0,
      0.0,
      0.008382684216165056,
      -0.0,
      0.0,
      -0.0,
      0.0,
      0.0,
      0.0,
      -0.0,
      0.0,
      -0.0,
      0.0,
      0.0,
      -0.0,
      -0.0,
      0.0,
      -0.0,
      -0.0,
      -0.0,
      0.0,
      -0.0,
      0.0,
      -0.0,
      0.0,
      -0.0,
      -0.0,
      0.0,
      -0.0,
      -0.0,
      0.0,
      -0.0,
      0.0,
      -0.0,
      0.0,
      0.0,
      0.0,
      -0.0,
      0.0,
      0.0,
      -0.0,
      0.003162094476148678,
      -0.0,
      0.0,
      0.0,
      0.0,
      -0.0,
      0.0,
      -0.0,
      0.0,
      -0.0,
      -0.0,
      -0.0,
      -0.0,
      -0.0,
      0.0,
      0.0,
      -0.0,
      0.0,
      -0.0,
      0.0,
      0.0,
      0.0,
      0.0,
      0.0,
      0.0,
      0.0,
      -0.0,
      -0.0,
      0.0,
      0.0,
      0.0,
      -0.0,
      -0.0,
      -0.0,
      -0.0,
      -0.0,
      -0.0,
      -0.0,
      -0.0,
      -0.0,
      -0.0,
      -0.0,
      -0.0,
      0.0,
      -0.0,
      0.0,
      0.0,
      0.0,
      0.0,
      -0.0,
      0.0,
      0.0,
      0.0,
      0.0,
      0.0,
      -0.0,
      0.0,
      -0.0,
      0.0,
      -0.0,
      0.0,
      -0.0,
      0.0,
      -0.0,
      -0.0,
      -0.0,
      0.0,
      0.0,
      -0.0,
      0.0,
      0.0,
      0.0,
      0.0,
      0.0,
      0.0,
      0.0,
      0.0,
      0.0,
      0.0,
      0.0,
      -0.0,
      0.0,
      0.0,
      -0.0,
      0.0,
      -0.0,
      -0.0,
      0.0,
      0.0,
      -0.0,
      -0.0,
      -0.0,
      0.0,
      0.0,
      0.0,
      0.0,
      0.0,
      0.0,
      0.0,
      0.0,
      -0.0,
      -0.0,
      0.0,
      0.0,
      0.0,
      -0.0,
      0.0,
      0.0,
      -0.0,
      0.0,
      0.0,
      0.0,
      -0.0,
      -0.0,
      0.0,
      -0.0,
      0.0,
      0.0,
      -0.0,
      0.0,
      -0.0,
      0.0,
      0.0,
      0.0,
      0.0,
      0.0,
      -0.0,
      -0.0,
      0.0,
      -0.0,
      0.0,
      -0.0,
      -0.0,
      -0.0,
      0.0,
      -0.0,
      -0.0,
      -0.0,
      -0.0,
      -0.0,
      0.0,
      -0.0,
      -0.0,
      0.0,
      0.0,
      -0.0,
      0.0,
      0.0,
      0.0,
      0.0,
      -0.0,
      -0.0,
      0.0,
      -0.0,
      0.0,
      -0.0,
      -0.0,
      0.0,
      0.0,
      0.0,
      0.0,
      0.0,
      0.0,
      -0.0,
      -0.0,
      -0.0,
      0.0,
      0.0,
      -0.0,
      -0.0,
      -0.0,
      0.0,
      0.0,
      0.0,
      0.0,
      0.0,
      0.0,
      0.0,
      -0.0
    ]
  },
  "pr_auc": {
    "best_lambda": 0.2154434690031884,
    "metrics": {
      "roc_auc": 0.72075843388328,
      "pr_auc": 0.44480879926295513,
      "f1": 0.0,
      "balanced_accuracy": 0.5
    },
    "coefficients": [
      -1.4314678825453986,
      0.0,
      0.0,
      0.0,
      -0.0,
      -0.0,
      0.0,
      0.0,
      0.0,
      -0.0,
      0.0,
      -0.0,
      -0.0,
      -0.004516475026367138,
      -0.0,
      -0.0,
      0.0,
      0.0,
      0.0,
      0.0,
      0.02900272084740977,
      -0.0074962243124037575,
      0.0,
      0.0,
      -0.0,
      -0.0037647246626067027,
      -0.008886625437242696,
      0.0,
      0.0,
      -0.0,
      0.0,
      0.0,
      -0.0,
      -0.0,
      0.0,
      0.0,
      -0.0,
      -0.0,
      0.0,
      -0.0,
      -0.0,
      0.0,
      0.0,
      0.0,
      -0.0,
      0.0,
      0.0,
      0.0,
      0.0,
      0.0,
      0.0,
      0.04699819002883548,
      -0.0,
      0.0,
      0.0,
      0.023164849660329834,
      0.012247189419355181,
      0.0033683596267745117,
      -0.0,
      0.0,
      -0.0,
      0.0,
      0.0,
      -0.0,
      -0.0,
      0.0,
      -0.0,
      -0.0,
      -0.0,
      0.0,
      -0.0,
      0.0,
      -0.0,
      0.0,
      -0.0,
      -0.0,
      0.0,
      -0.0,
      -0.0,
      0.0,
      -0.0,
      0.0,
      -0.0,
      0.0,
      0.0,
      0.0,
      -0.0,
      0.0,
      0.003709200170498936,
      -0.0,
      0.03659094453359444,
      -0.0,
      0.0,
      0.0,
      0.0,
      -0.0,
      0.0,
      -0.0,
      0.009501671167645942,
      -0.0,
      -0.0,
      -0.0,
      -0.0,
      -0.0,
      0.0,
      0.0,
      -0.003643201633389875,
      0.0,
      -0.014846832067166561,
      0.0,
      0.0,
      0.02170709067470339,
      0.004023538642161643,
      0.0,
      -0.0,
      0.0,
      -0.0,
      -0.0,
      0.0,
      0.0,
      0.0,
      -0.0,
      -0.0,
      -0.0,
      -0.0,
      -0.0,
      -0.0,
      -0.0,
      -0.0,
      -0.0,
      -0.0,
      -0.0,
      -0.0,
      0.0,
      -0.0,
      0.0,
      0.0,
      0.003615481162209953,
      0.0,
      -0.0,
      0.01587013705655409,
      0.0011600398814797235,
      0.0,
      0.0,
      0.0,
      0.0,
      0.0,
      -0.0,
      0.0,
      -0.0,
      0.0,
      -0.0,
      -0.0,
      -0.00283461448361749,
      -0.0,
      -0.0,
      0.0,
      0.0,
      -0.0,
      0.0,
      0.01986775580376257,
      0.0,
      0.0,
      0.005475039284444101,
      0.0,
      0.0,
      0.0,
      -0.0,
      0.0,
      0.0018168853382948917,
      -0.0,
      0.0030049269114593904,
      0.0,
      -0.0,
      0.0,
      -0.0,
      -0.0,
      0.0,
      0.0,
      -0.0,
      -0.0,
      -0.0,
      0.0,
      0.0,
      0.0,
      0.0,
      0.0,
      0.0,
      0.0,
      0.0,
      -0.0,
      -0.0,
      0.005240954287801989,
      0.0,
      0.0,
      -0.0,
      0.0,
      0.0,
      -0.0,
      0.0,
      0.0,
      0.0,
      -0.019119420811661285,
      -0.0,
      0.0,
      -0.0,
      0.0,
      0.0,
      -0.0,
      0.0,
      -0.0,
      0.0,
      0.014513904828857997,
      0.021966199072931417,
      0.0,
      0.00341026837021742,
      -0.0,
      -0.0,
      0.0,
      -0.0,
      0.0,
      -0.0,
      -0.0,
      -0.0,
      0.0,
      -0.0,
      -0.0,
      -0.0,
      -0.0,
      -0.0,
      0.0,
      -0.0,
      -0.0,
      0.0,
      0.0,
      -0.0,
      0.0,
      0.014982065553569492,
      0.0,
      0.0,
      -0.0,
      -0.0,
      0.0,
      -0.0,
      0.0,
      -0.0,
      -0.0,
      0.0,
      0.0,
      -0.0,
      0.0,
      0.0,
      0.0,
      -0.0,
      -0.0,
      -0.0,
      0.0,
      0.0,
      -0.0,
      -0.0,
      -0.0,
      0.0,
      0.0,
      0.0,
      0.0008523765309776858,
      0.0,
      0.0,
      0.0,
      -0.0
    ]
  },
  "f1": {
    "best_lambda": 0.1,
    "metrics": {
      "roc_auc": 0.7244521053927604,
      "pr_auc": 0.4065345974979482,
      "f1": 0.06060606060606061,
      "balanced_accuracy": 0.5123122383649348
    },